{"cameraMode":{"drawMode":0,"name":"Shaded","section":"Shading Mode"},"sceneLighting":true,"audioPlay":false,"sceneViewState":{"m_AlwaysRefresh":false,"showFog":true,"showSkybox":true,"showFlares":true,"showImageEffects":true,"showParticleSystems":true,"showVisualEffectGraphs":true,"m_FxEnabled":true},"in2DMode":false,"pivot":{"x":1.6403770446777344,"y":-0.10344982147216797,"z":-4.5049543380737309},"rotation":{"x":-0.13820907473564149,"y":0.8438258171081543,"z":-0.2599250078201294,"w":-0.4486774206161499},"size":5.174644947052002,"orthographic":false}